0,0.273565392,0.610967941,0.778153591,0,0.950333243,0.004010147,0.686464825,0.003766822,0.825746048,0.082200817,0.00712691,0.009713223,0,0.259119678,0.000734206,0.706352816,0.013916203,0.081111708,0.021903678,0.768775231,0.654155301,0.68863257,6.72E-06,0.611280119,0.008575496,0.031501193,0.002890914,0.477547081,0.49586368,0.001124132,0.010585429,0.118265072,3.65E-05,0.277449447,0.005203872,6.95E-07,0.615560284,0.021329818,0.668627266,7.12E-06,0.033758285,0.284693209,0.0017395,0.374693556,5.81E-05,0.04898242,0.001479487,0.005714946,0.690217527,8.18E-10,0.135722826,0.962683878,0.024070399,0.156290389,0.817829395,0.000822737,0.006393604,0.046119155,0.230996052,0.778153591,0.042309892,5.40E-07,0.610240627,0.867881787,0.008575496,0.008575496,0.000522108,0.002027962,0.140404378,0,0.000189254,0.004456143,0.005714786,0.734357045,0.104985253,0.104985253,0.869508331,0.140313927,0.526121247,4.83E-05
0,0,0.375598863,0.621600122,0.287969518,0.469385907,0.442512162,0,0.379934942,0.442512162,0.008480432,0,0.445299335,0,0.019157793,0.004021654,0.244675484,0.560499764,0.753176559,0,0.366402525,0.238151358,0.008480432,0.157157304,0.608124409,0.646387557,0,0.381373279,0.872366012,0.79307168,0.289395061,0.959090891,0.333320119,0.01220205,0.241848943,0.629352125,0.287969518,0.316039179,0.040400969,0.512241753,0.512241753,0.330558619,0.000255555,0.561273587,0.001252945,0.560499764,0,0.025754468,0.345015406,0.560499764,0.347485725,0.025754468,0.006297098,0.022216237,0.008480432,0.366402525,0.913002706,0.724147712,0.075076426,0.670640867,0.477480698,0.366402525,0.166925665,0.025416789,0.026890733,0.200266869,0.008480432,0.491840882,0.332075078,0.54290073,0.825157073,0.104902418,0.689686781,0.216955717,0,0.74032293,0.705750946,0.74032293,0,0.15648219,0.040907362
0,0,0,0.547464566,0.261221476,0.238140776,0.245711478,0.096157985,0.53208719,0.594533859,0.0004321,0.003288946,0.000258214,0,0.636447139,0.274674841,0.977070539,0.994101637,0.988396947,0.012058566,0.464752793,0.890457321,0.022929461,0.988396947,0.95264507,0.649785805,0,0.510352324,0.649398681,0.875384036,0.000329748,0.998619517,0.977070539,0.153093489,0.232236737,0.000441463,0.000173131,0.050727331,0.000258214,0.994101637,0.177429614,4.81E-05,0.173508993,0.007328907,0.422298942,0.733576353,0,0.376220087,0.001037463,0.796817977,0.09135094,0.001037463,0.169449507,0.976464361,0.404199127,0.695777708,0.039105691,0.762713334,0.879375686,0.87116094,0.814627307,0.927251278,0,4.81E-05,0.608279769,0.699350894,0.169449507,0.016784328,0.029041248,0.603035794,0.561462338,0.23255501,0.808032272,0.020748595,0.743082535,0.443620643,0.744279099,0.475178982,0.008486654,0.340326378,0.470807086
0,0,0,0,0.274659777,0.97792763,6.63E-07,0.923267836,0.667936833,0.808598412,0.089861258,0.001304066,0.000182476,0,0.663823342,0.052867374,0.963301774,0.932495439,0.720902499,0.00867471,0.873802316,0.951052238,0.212731993,0.221947293,0.879531701,0.008400356,7.18E-06,0.835117885,0.922434525,0.693140919,0.277318529,0.662630554,0.691950146,0.117453658,0.08272361,0.00060691,0.196215993,0.428948526,0.001304066,0.667886492,0.076375425,0.013303889,0.524633284,0.15620089,0.295443435,0.484054843,0.001304066,0.001304066,0.001304066,0.994308516,6.12E-08,0.195279008,0.88279594,0.873285919,0.101125912,0.807097333,0.229231073,0.879982297,0.166836058,0.78379943,0.995102731,0.999297193,3.80E-05,0.003495385,0.93072408,0.001470124,0.001470124,5.27E-07,0.204208115,0.942212073,0.968563544,0.8421069,0.597547539,0.001470124,0.923195391,0.938641275,0.928910195,0.923267839,0.001304066,0.77504448,0.361195453
0,0,0,0,0,0.537367904,0.595195821,0.999999952,0.431407555,0.86481666,0.355175277,5.00E-06,0.315740387,0,1,0.999997376,1,0.996040843,0.996040843,0.011984394,0.999975875,1,0.113139915,0.742776796,1,0.409450216,0.077776421,0.616800892,0.950614071,0.999121899,0.352511561,0.825387912,0.999953893,0.282789463,0.996821911,0.599936732,0.155809931,0.923502117,0.768944185,0.979054049,0.00182318,0.999999967,0.950779083,0.655665626,0.999694049,0.944351495,0.006638432,0.549246736,0.706108576,0.768310982,0.348426889,0.80773872,0.98496715,0.999726832,1,0.94505952,0.472323552,0.711328364,0.977509208,0.913648667,0.979054049,0.986496697,0,0.984965483,0.643308486,0.545519648,0.575622159,0.386663221,0.529457362,0.97948251,0.998718271,0.997874517,0.983807927,0.398489939,0.913904418,0.959753164,0.975923068,0.92129606,0.390465639,0.722953501,0.974372677
0,0,0,0,0,0,0.544718374,0.000687639,0.136195268,0.063938556,0.26321091,0,0.000193219,0,0.633985139,0.592846922,0.998021564,0.604545506,0.604545506,0,0.352789329,0.604545506,0.002306763,1.60E-08,0.632631983,0.502491252,0,0.262201329,0.875088294,0.869200819,0,0.604545506,0.64673951,0.001037307,0.382242867,0.000376159,0.219372238,0.28301383,0.000193219,0.604545506,0.000375682,0.14574472,0.148805698,0.004677046,0.262201329,0.682844009,0,0.301434101,0.461169168,0.108894428,5.01E-48,4.85E-10,0.002306763,0.949391625,0.343162903,0.382242867,0.042784558,0.535132097,0.637464516,0.820272845,0.173657042,0.802511099,1.91E-43,0.000144902,0.401852281,0.558786207,0.001537803,0.01530453,0.249278163,0.334785139,0.473762388,0.382242867,0.546392587,0.033913031,0.604545506,0.761165077,0.963186091,0.385232951,0.000282095,0.05119693,0.233563334
0,0,0,0,0,0,0,0.913810631,0.027886892,0.837770338,0.017719503,3.28E-07,0.404840259,0,0.988766155,0.997497924,0.999999077,0.988974282,0.690601978,0.000755553,0.87213382,0.999962598,0.396327543,0.988974282,0.999996022,0.834570876,0.07615,0.237850356,0.774996302,0.7635886,0.215765072,0.988974282,0.951095706,0.944009881,0.655562849,0.484398294,0.006875588,0.905964704,0.456665354,0.999999672,0.001347366,0.758939562,0.510613243,0.094019521,0.941225775,0.459141358,0.000952734,0.918692544,0.154409604,0.999167688,0.602499528,0.546733989,0.730222478,0.622973469,0.997497924,0.788773665,0.360561006,0.154409604,0.630723388,0.988974282,0.834084499,0.992144932,0.859297645,0.682785251,0.998533795,0.608144443,0.242207742,0.35373469,0.221407431,0.424832186,0.866898671,0.238097132,0.980846778,0.369928575,0.846825735,0.747965243,0.001246804,0.438897551,0.154409604,0.434512986,0.603672457
0,0,0,0,0,0,0,0,0,0.422222221,0.001712332,0,4.78E-05,0,0.190009364,0.513363296,0.425196757,0.083837677,0.158031736,0,3.55E-05,0.136852567,1.90E-06,0.282900437,0.943921563,0.096277298,0,0.070576011,0.999941542,0.999568338,0,0.067114195,1,0.425708926,0.159660088,0.550781225,0.001242946,0.160939788,0.002528922,0.603802559,1.18E-07,0.072098408,1,1,0.040616892,0.329589717,0,0.944112743,0.83893611,0.048690087,2.44E-07,0.00066979,0.251359665,0.182229695,0.097217087,0.313613375,0.555527996,0.029999952,0.548862712,0.083896589,0.426764677,0.461919438,0,2.90E-05,0.193453144,0.127816843,0.118513388,0,0.003067517,1,0.211466387,0.454310282,0.289056445,4.12E-09,0.97753105,0.738994054,0.964116396,0.452169582,0.004198456,0.011918892,0.037466473
0,0,0,0,0,0,0,0,0,0.984591566,0.206306601,0.981188707,0.971932805,0,0.996009111,0.996009111,0.999846694,0.786892185,0.262107148,0.34577059,0.999555136,0.999910129,0.206306601,0.115760935,0.846168527,0.999163448,0,0.997395111,0.93763506,0.685669047,0.749642103,0.851011345,0.719624139,0.999769786,0.297354656,0.999991626,0.54940794,0.321714434,0.246650169,0.618731653,0.821158846,0.34069117,0.161123141,0.551906859,0.549532777,0.866349497,0,0.802522131,0.906074897,0.651531201,0.971644234,0.655674912,0.390369921,0.292554412,0.681898044,0.443760009,0.768416951,0,0.615835203,0.747403227,0.689034022,0.891770795,0.004597466,0.999821588,0.999457483,0.869033762,0.897117002,0.949315797,0.028355657,0.999110018,0.985574522,0.292554412,0.977681479,0.815306842,1,0.943258618,0.980211463,0.736793827,0.114066439,0.222997791,0.619530455
0,0,0,0,0,0,0,0,0,0,0.0044537,0.001079658,1.42E-05,0,8.41E-05,0.000945877,0.765505252,0.982012398,0.654632668,0.014749585,0.454177455,0.176045446,0.269756765,0.982012398,0.190027136,0.03503468,3.98E-05,0.374572127,0.322041438,0.363234595,0.237637862,0.982012398,0.278311966,0.127915581,0.014389231,3.06E-05,0.195832502,0.323160564,0.00494638,0.946341324,0.002659675,0.35185192,0.041072509,0.032239158,0.003890191,0.02710885,0.002178665,0.224008304,0.148301932,0.734306065,0.003367738,0.002178665,0.794308446,0.464567777,0.026111728,0.52721538,1.99E-06,0.028476371,9.68E-05,0.017987602,0.746670803,0.040507201,0,0.196305861,0.78677433,8.41E-05,0.060772979,7.77E-07,0.295626771,0.406012222,0.963657315,0.402454834,0.012803592,1.38E-05,0.429725311,0.927066524,0,0.927068278,0.148301932,0.295411082,1.54E-06
0,0,0,0,0,0,0,0,0,0,0,0.774346209,0.846219771,0,0.994281155,0.999998703,0.999848504,0.999850213,0.984024207,0.000318631,0.867571489,0.999982126,0.998500639,0.098367805,0.982070258,0.919990875,0.005718845,0.999681369,0.716026737,0.686285097,0.945994419,0.999330659,0.999850213,0.694597763,0.799558237,0.999721152,0.269463752,0.273384837,0.004331547,0.999998741,0.915201569,0.700842,0.68974224,0.694596267,0.63679971,0.999850213,0.000318631,0.998979338,0.765605277,0.229516481,0.306667712,1,0.461773787,0.999999893,0.998793664,0.491118569,0.82153964,0.458191947,0.998500639,0.999850213,0.691725852,0.754555132,0.827421566,0.999000649,0.999681369,0.941297592,0.912376986,0.578972187,0.288039909,0.932094264,0.828488191,0.432912215,0.676214378,0.576840768,0.999998742,0.917565069,0.874758326,0.745938913,0.476065822,0.747301873,0.78912155
0,0,0,0,0,0,0,0,0,0,0,0,0.91626401,0,0.955068738,0.999974341,1,1,0.882276523,0.008912457,1,0.996846399,0.059413566,0.304322173,1,0.999998904,0.017389884,0.991087543,0.989847015,1,0.344394524,0.722125,1,0.966438057,0.999471979,0.999998316,0.332471489,0.960114519,0.290248693,1,0.002330688,0.841968264,0.999995361,0.994750075,0.992774191,1,0.008912457,0.994361743,0.99933021,0.996335728,0.455385995,0.888776447,0.995524954,0.785009498,0.999937118,0.999975457,0.445382855,0.426189349,0.927074506,1,0.988561078,1,0.281602944,0.862045885,0.999980781,0.99999991,0.859430576,0.933400456,0.881071383,0.99933021,0,0.999471979,0.999999452,0.841968264,0.990256505,0.991659973,0.012260701,0.568130566,0.234737724,0.93620404,0.988239355
0,0,0,0,0,0,0,0,0,0,0,0,0,0,1,1,1,0.605886238,0.830707524,0.007777658,0.999707148,1,0.394113762,0.400285618,0.99999978,0.714053259,0.029093294,0.543790217,0.985547561,0.983158535,0.348080187,0.605886238,0.763878607,0.892874927,0.999980204,0.858853972,0.099091736,0.689506694,0.003543064,0.999999851,0.000528021,0.987687416,0.688066153,0.162850813,0.998698356,0.869452218,0.000528021,0.999997602,0.999133503,0.999535901,0.644245225,0.444244355,0.654587438,0.761329841,0.999375504,0.998456349,0.180719014,0.377818035,0.997994814,0.119411507,0.992952952,0.999837063,0.042236937,0.902726021,1,0.417040339,0.103836507,0.496343946,0.299932277,0.422217575,0.95426722,0.988325802,0.726335272,0.345135992,0.9929999,0.981937269,0.011867368,0.791028109,0.14106216,0.783781998,0.980700282
0,0,0,0,0,0,0,0,0,0,0,0,0,0,1,1,1,1,1,1,1,1,1,1,1,1,0,1,1,1,1,1,1,1,1,1,1,0,1,1,1,0,1,1,1,1,1,1,1,1,1,1,0,1,1,1,1,0,1,1,1,1,0,1,1,1,1,0,0,1,1,1,1,1,1,1,1,1,1,0,1
0,0,0,0,0,0,0,0,0,0,0,0,0,0,0,0.471918668,0.90995974,0.968942696,0.968942696,0.073728914,0.710699342,0.575305641,0.027363908,0.644681238,0.784064459,0.027363908,0,0.982217353,0.782972223,0.78103024,0.250781626,0.95072964,0,0.00049226,0.01666751,0.022953277,0.001322129,0.710699342,0.42115925,0.782972223,0.407667054,0.35078214,0.111578628,0.744101717,0.23546411,0.015815547,0,0.870612422,0.224672469,0.034490274,5.86E-05,1.35E-05,0.84139394,0.993291391,0.027363908,0.771566548,0.468469392,0.336278059,0.248340931,0.015815547,0.999572127,0.35078214,0.13475703,0.179197432,0.994288206,0.027363908,0.369991209,0.126154313,0.066750861,0.994564991,0.763336196,0.972636092,0.027363908,0.027363908,0.710699342,0.849545415,0.79528105,0.849545415,0.005196602,0.71035889,0
0,0,0,0,0,0,0,0,0,0,0,0,0,0,0,0,0.999991545,0.522383902,0.497771773,0.000823947,0.701128458,0.813080571,0.194726254,0.071394654,0.73727677,0.758024227,0.07815,0.576726397,0.908181361,0.952783982,0.432770061,0.999681,0.000384905,0.000318624,0.467477073,0.320398699,0,0.443454126,0.027213248,0.995812417,0.369944201,0.022929461,0.435692415,0.162129136,0.794242858,0.586550857,4.43E-06,0.780927847,0.002317494,0.702619271,0.234362018,0.855914845,0.528440397,0.467477073,0.288014456,0.853781473,0.994670668,4.92E-05,0.683515016,0.517608407,0.87759741,0.456215853,0.120335,0.765992521,0.639141128,0.73996855,0.010679972,0.708322281,3.96E-07,0.709956956,0.982266862,0.216286886,0.560931233,0.151174841,0.746648327,0.935666204,0,0.948614722,7.21E-06,0.345030384,0.218642068
0,0,0,0,0,0,0,0,0,0,0,0,0,0,0,0,0,0.366402525,0.970829779,0,0.15648219,0.088703545,0.040400969,0,0.053082974,0.002134055,0,0.219046327,0.102084555,0.135107632,0.294213815,1,0.096363494,0.040400969,0.000313963,0,0,0.041465808,0.002862386,0.578197837,0.733607281,0.000939542,0.000191666,0.001582567,0.000842349,0.090707719,0,0.583816333,0.040400969,0.740195733,0.018120391,0,0.002264293,0.008480432,0.001252945,0.082431799,0.023159557,0.00248539,0.008480432,0.025754468,0.366402525,0.008480432,0.004042342,0.000254772,0.001255686,0.013238952,0.002134055,7.36E-05,0.202614016,0.041227752,0.341188922,0.000939659,0.076087446,0,0.560499764,0,0,0.278310712,0,0.060754455,0.030638289
0,0,0,0,0,0,0,0,0,0,0,0,0,0,0,0,0,0,0.257276933,0,0.70730108,0.033264634,0.000774192,0.338931536,0.742723067,0.828267226,0,0.799025266,0.742723067,0.731830284,0.038667551,0.857029994,0.294600923,0.271401605,0.002565643,0.471970617,0.192988729,0.099734094,0.166481779,0.519582498,0.614351134,0.000241568,0.02828783,0.43795721,0.16202191,0.436903418,0,0.000104101,0.002565643,0.528091984,0.413487849,0.002565643,0.040218587,0.675514674,0.033264634,0.661460857,0.640052355,0.919225164,0.224651498,0.529760419,0.372202867,0.134317599,0,0.003206681,0.351978315,0.40689592,0.271444806,0.70730108,0.013580198,0.998358824,0.616486717,0.428014077,0.446619152,0.532258535,0.774203906,0.534197094,0.112442994,0.817076591,0.175875884,0.28439554,0.529782721
0,0,0,0,0,0,0,0,0,0,0,0,0,0,0,0,0,0,0,0.06621564,0.734002065,0.050881143,0.050881143,0.000217145,0.801511195,0.764564761,0,0.375921723,0.800514039,0.734002065,0.379849419,0.948535228,0.316227521,0.379849419,0.011213647,0.271697763,0.196008783,0.379849419,0.311877874,0.914251021,0.885668737,0.018037595,0.006825427,0.31015969,0.198914091,0.379849419,0,0.034843441,0.015232327,0.355487915,0.256510683,0.000179905,0.426183248,0.050881143,0.050881143,0.526476895,0.421827303,0.885668737,0.289053303,0.878208961,0.809637775,0.607161207,0,0.004784123,0.30335157,0.625481664,0.426183248,0.600232735,0.174111359,0.379849419,0.74705947,0.01988829,0.426183248,0.45993053,0.91364373,0.402639894,0.402639894,0.885668737,0.007981719,0.733722477,0.696993505
0,0,0,0,0,0,0,0,0,0,0,0,0,0,0,0,0,0,0,0,1,0.934808102,0.810203543,0.994459082,1,0.999841139,0.000858238,0.999758769,0.999889442,1,0.571968346,0.988784589,1,0.974869127,0.999523962,0.999999323,0.99518365,0.893312576,0.044750218,1,1,0.817747737,0.999966094,0.99518365,0.999966094,1,0.005540918,0.456953979,0.999889288,0.995534304,0.094317629,0.999647805,0.955174124,0.810203543,0.999758769,0.999999323,1,0.868853622,0.883835798,1,0.970815782,1,0.520990657,0.999966094,0.546890348,0.999758769,0.999992584,0.994049021,0.823790618,0.333228756,1,0.99997572,0.999849362,0.999758769,1,0.713790853,1,0.460397484,0.999789378,0.820282913,0.998477081
0,0,0,0,0,0,0,0,0,0,0,0,0,0,0,0,0,0,0,0,0,0.421027813,0.295925816,0.021553934,0.685676072,0.181622441,0,0.191908045,0.537432726,0.619089752,0.44532452,0.425418774,0.882288325,0.037776024,0.145553302,0.203661386,0.004827854,0.13150184,0.157197356,0.736350662,0.003388493,1.61E-05,0.110972831,1.04E-05,0.145553302,0.436559183,0,0.537839244,0.17215834,0.951171806,0,1,0.254105982,0.473410177,0.173151154,0.437045493,0.172442379,1.79E-05,0.295925816,0.407807833,0.688559999,0.42210792,0,0.111517721,0.212263309,0.202149991,0.473681606,0.018406827,0.121728513,0.460154164,0.221811229,0.191908045,0.215871535,0.191908045,0.575535065,0.511153895,0.521856783,0.312551758,5.03E-08,0.032967376,0
0,0,0,0,0,0,0,0,0,0,0,0,0,0,0,0,0,0,0,0,0,0,0.003618391,0.644681238,0.426645315,0.00065413,0,0.47427305,0.807310501,0.74310789,0.025926192,0.964231638,0,1.82E-07,0.000116665,0.000589723,2.32E-05,0.292140056,0.30013153,0.686214997,0.126906574,0.105831394,0.02342063,0.205305486,0.019287141,0.002178665,0,0.49588675,0.051881819,0.00109333,1.87E-15,1.08E-09,0.84139394,0.706915344,0.00065413,0.531219111,0.423187238,0.114657002,0.271983158,0.015815547,0.828522758,0.267975914,0.10466216,0.017565409,0.996863329,0.309850821,0.056153885,0.004458935,0.00995161,0.434011861,0.741102543,0.203875914,0.000664983,0.00042245,0.808171243,0.873711971,0.853858584,0.873711971,1.75E-05,0.286011647,0.170496378
0,0,0,0,0,0,0,0,0,0,0,0,0,0,0,0,0,0,0,0,0,0,0,0.581717381,0.926076111,0.672275346,0,0.638747134,0.763609659,0.999818471,0.946760502,0.999399489,0.999818911,0.224640683,0.607049076,0.655274222,0.118886383,0.146858035,0.149239537,0.999864534,0.916029967,0.000414783,0.625284944,0.878869354,0.857694839,0.999818911,0,0.607049076,0.607049076,0.982604398,4.16E-08,0.673913473,0.126331652,0.984655465,0.638747134,1,0.785871305,0.607966583,0.994744587,0.997797723,0.770442381,0.998534269,0,0.005075137,0.863757516,0.738086445,0.726451252,0.000112161,0.093529161,0.962259842,0.864879747,0.607049076,0.726451252,0.000414783,0.999998261,0.966121609,0.980009736,0.784392337,0.044438475,0.469859294,0.863105263
0,0,0,0,0,0,0,0,0,0,0,0,0,0,0,0,0,0,0,0,0,0,0,0,0,0.794479434,0.061635778,0.99999608,0,0.778530421,0.021691177,0.999696825,0.299652466,0.960232285,0.021691177,0.626246187,0.481682474,0.241283734,0.021691177,0.661948849,0.680305098,0.021691177,0.008968689,0.655966029,0.434782433,0.015313822,0,0.010334205,0.021691177,0.434782433,0.387954563,0.003004913,0,0.999999656,0,0,0.909988451,0.977677489,0.836814546,0.806802717,0.779691481,0.982035713,0,0.058206713,0,0.922435212,0.878533817,0.633527866,0.882878603,0.978308823,0,0.021691177,0.680305098,0.742131521,0.601960054,0.979890765,0.979890765,0,0.602389784,0,0.360496879
0,0,0,0,0,0,0,0,0,0,0,0,0,0,0,0,0,0,0,0,0,0,0,0,0,7.12E-05,0,0.240745742,0.358417776,0.485853401,1.22E-05,0.256658232,0.432606346,0,8.10E-06,0.007344234,0.002618097,0.270441631,0.023585125,0.627059765,0.210328619,0.008881755,0.507770411,0.015141898,0.00888665,0.110806573,0.000430098,0.282454587,0.00567993,0.406048523,0,0,0.020106779,0.4315801,0.439473221,0.005672562,0.15804444,0.026711875,0.471706785,0.256658232,0.326869579,0.471706785,0,0.008887515,0.202693492,0.243782549,6.09E-05,0.035703448,0.003451151,0.101188126,0.478980963,0.248306003,0.13020293,8.11E-06,0.031266603,0.00883441,0,0.418013878,9.36E-07,0.241289944,0.061395598
0,0,0,0,0,0,0,0,0,0,0,0,0,0,0,0,0,0,0,0,0,0,0,0,0,0,0.001094896,0.285786231,0.507203189,0.986797615,0.004659938,0.338632796,0.903714159,0.0776921,0.342036544,0.284369838,0.000291112,0.391928555,0.27101944,0.998752737,0.018600116,0.628997508,0.496958727,0.118261238,0.83361359,0.537375252,0.301247912,0.362585883,0.171750299,0.999962952,0.578418683,0.385714011,0.365372493,0.395852281,0.993418492,0.080825891,0.160902984,0.035226937,0.51478307,0.173132779,0.992751748,0.940328684,0.794139318,0.365372493,0.996821911,0.146853592,0.219622499,0.334437476,0.201645611,0.232277371,0.858054102,0.260164804,0.450456775,0.118091056,0.705189974,0.001941649,0.001941649,0.355175277,5.40E-05,0.343472215,0.600661364
0,0,0,0,0,0,0,0,0,0,0,0,0,0,0,0,0,0,0,0,0,0,0,0,0,0,0,0.964210826,0.675581975,1,0.993874872,1,1,0.996764839,0.996267962,0.96214336,0.981457197,0.805560755,0.999834261,1,1,0.237805434,0.999889682,0.988942888,0.999995547,1,0.9999943,1,0.996764839,0.999657465,0.95605,0.999898641,0.997975102,1,0.999999996,0.999963528,0.95605,0.261918086,1,1,0.813320147,1,0.002468192,0.997539729,0.999999993,0.987179487,0.869293042,0,0.340079866,0.987732974,1,0.999889682,0.666666667,0.95605,1,0.958063188,0.672413793,0.996267962,0.999994538,0,1
0,0,0,0,0,0,0,0,0,0,0,0,0,0,0,0,0,0,0,0,0,0,0,0,0,0,0,0,0.646679747,0.833181979,0.355074606,0.87881,0.78634311,0.575353491,0.183520959,0.891048265,0.000461531,0.884378497,0.168920677,0.711355978,0,0.999990554,0.623287895,0.65191664,0.464216692,0.010398505,0.793934616,0.005041481,0.000857983,0.660611419,0.714080527,0.46418806,0.413859135,0.010398505,0.222028646,0.131671557,0.92256109,0.005696083,0.575749819,0.32743456,0.450751154,0.790796656,0.101891282,0.88036666,0.113172542,0.649412867,0.439134203,0.889341841,0.345604063,0.459268219,0.971570618,0.280535613,0.614642327,0.731947311,0.943094152,0.511628294,0.435115786,0.914008133,0.000857983,0.793934616,0
0,0,0,0,0,0,0,0,0,0,0,0,0,0,0,0,0,0,0,0,0,0,0,0,0,0,0,0,0,0.769659809,0,0.257389261,0.13738872,0.994111764,0.967883639,9.51E-06,0.132729272,0.675295445,0.229402154,0.257389261,0.00012563,0.013371307,0.501327357,0,0.054347561,0.01121263,0.021654515,0.23642373,0.222452524,0.140336487,0.003344056,0.003896308,0.025873779,0.611620166,0.172195466,0.284964943,0.144369973,0.208173942,0.640667005,0.257389261,0.343943968,0.465400634,0.333142331,0.013399703,0.400952237,0.445359917,0.015388577,3.29E-08,0.324938381,0.000160792,0.364244504,0.999061372,0.156197014,3.53E-06,0.257389261,0.120843085,1.86E-05,0.250896134,1.22E-07,0.675295445,0.076166701
0,0,0,0,0,0,0,0,0,0,0,0,0,0,0,0,0,0,0,0,0,0,0,0,0,0,0,0,0,0,0,0.258019222,0.155466995,0.011984394,0.996040843,0.00100337,0.296869761,0.588855966,0.069581031,0.268638038,0.00063648,0.026940569,0.371959165,0,0.078057455,0.096681607,0,0.22948268,0.016280941,0.680455902,0.022490792,0.011984394,0.000309047,0.999473351,0.13682782,9.85E-06,0.155932183,0.544744573,0.290028835,0.363590186,0.288671636,0.966361091,0.002186529,6.82E-06,0.189238729,0.231491719,0.24371836,7.28E-07,0.28913285,0.006634382,0.392014483,0.996040843,0.288671636,0.001149606,0.256718106,0.017943309,0.000212413,0.183538077,0,0.317465572,0.137849523
0,0,0,0,0,0,0,0,0,0,0,0,0,0,0,0,0,0,0,0,0,0,0,0,0,0,0,0,0,0,0,0.770298522,0.625899774,0.835842807,0.794498858,0.999909986,0.215269037,0.815695727,0.735276853,0.940911038,0.618899594,0.585788886,0.684803734,0.609870923,0.460025437,0.940911038,0.007932242,0.999417782,0.999654337,0.906713816,0.486194978,0.991816972,0.203643611,0.896025354,0.823386614,0.846076979,0.999998468,0.933991377,0.996074244,0.965813685,0.855589639,0.999970824,0.10143479,0.1434153,0.916197867,0.949716777,0.855589639,0.495111019,0.277823144,0.758869587,0.620796872,0.686094597,0.999986674,0.342758054,1,0.999746875,0.999975138,0.912184881,0.008183028,0.682041304,0.68404897
0,0,0,0,0,0,0,0,0,0,0,0,0,0,0,0,0,0,0,0,0,0,0,0,0,0,0,0,0,0,0,0,0.556643124,0.191429959,0.006608009,0.811582714,0.272681536,0.164368391,0.005306138,0.556643124,0.22955211,0,0.000683038,0.25876034,0.192421226,0.556643124,0,0,0,0.489901223,0.589438205,0,0.007557571,0.007048804,0.045498867,0.262446601,0.650669679,0.90974315,0.200531073,0.380336568,0.159114765,0.582047614,0,1.80387E+14,0.367530489,0.420244102,0.420244102,0.737622349,0.044801869,0.737622349,0.380380213,0.005306138,0.582687121,0.381643954,0.909735256,0.002485033,0.186012793,0.245462503,0.059833481,0.509999124,0.474838986
0,0,0,0,0,0,0,0,0,0,0,0,0,0,0,0,0,0,0,0,0,0,0,0,0,0,0,0,0,0,0,0,0,0.001832688,0.148181255,0.208240172,8.95E-05,0.148181255,0.269842742,0.000931179,0.097035842,0.299742451,0.677765599,0.69984339,0.025427085,0.441539141,0,0.016254687,0.016254687,0.706890268,0.040049335,0.016254687,0.035028768,0.679847904,0.019634796,0.001832688,0.454326256,0.918278584,0.028902078,0.685002886,0.45318055,0.890271117,0,0.123422257,1,0.065076068,0.001039884,0.140955361,7.56E-05,0.634357227,0.481939402,0.740923008,0.798813171,0.004956466,0,0.028902078,0.377438769,0.743311041,0,0.0421177,0.996714919
0,0,0,0,0,0,0,0,0,0,0,0,0,0,0,0,0,0,0,0,0,0,0,0,0,0,0,0,0,0,0,0,0,0,0.518211216,0.295024493,6.58E-05,0.489541692,0.000688711,0.956713725,0,0.010151598,0.609559149,0.257062937,0.914651701,0.988396947,0.084265275,0.726022818,0.06147244,0.999329108,0.000717096,0.401090836,0.636814663,0.893675419,0.904325353,0.509924214,0.178357101,0.10373236,0.807023304,0.675061865,0.995232903,0.972152572,0.010151598,0.010151598,0.999997177,0.846906511,0.96705611,0.047216018,0.667537232,0.846906511,0,0.686944915,0.85985795,0.065555573,0.932460519,0,0,0.000823947,0.222042583,0.990806847,0.297171838
0,0,0,0,0,0,0,0,0,0,0,0,0,0,0,0,0,0,0,0,0,0,0,0,0,0,0,0,0,0,0,0,0,0,0,0.009095062,0.003439264,0.42205316,0.301672392,0.998465573,0.038910418,0.756985733,0.991112762,0.777687527,0.378146295,0.095998018,0.001534427,0.501284889,0.766888548,0.674605703,0.192176467,0.556184411,0.725116956,0.8261404,0.996560736,0.245490076,0.097771633,0.836920364,0.658085488,0.998465573,0.999817311,0.854860222,0.350920542,0.551836263,0.997838148,0.36632302,0.740029599,0.127418748,0.797304732,0.995724511,0.661741318,0.920851872,0.992140554,0.116931553,0.78343531,0.090376589,0.302563635,0.426878651,0.001534427,0.841829004,0.816612228
0,0,0,0,0,0,0,0,0,0,0,0,0,0,0,0,0,0,0,0,0,0,0,0,0,0,0,0,0,0,0,0,0,0,0,0,2.48E-07,0.751948955,0.355106458,0.999489295,0,0.981670272,0.850422935,0.100708213,0.998528512,0.72336926,0.773822652,0.971969495,0.971969495,0.998705006,0.510808402,0.503851814,0.111940983,0.648047049,0.871020523,0.996871812,0.430017067,0.001911142,0.997571719,0.500554062,0.997514551,0.99973428,0.999222178,0.917124153,0.997497199,0.709913587,0.305773866,0.287214034,0.342260763,0.461335447,0.464192003,0.864405919,0.79566635,0.357597213,0.92181528,0.001536135,0,0.019906493,0.000584722,0.773822652,0.006080971
0,0,0,0,0,0,0,0,0,0,0,0,0,0,0,0,0,0,0,0,0,0,0,0,0,0,0,0,0,0,0,0,0,0,0,0,0,0.755504062,0.524742148,0.947902902,0.47680316,0.994172907,0.820317521,0.62797266,0.784104224,0.949582632,1.27E-05,0.999850213,0.999850213,0.93276359,0.958811431,1,0.819023939,0.8247562,0.902405364,0.485235089,0.925584726,0.481555487,0.999892418,0.907194633,0.962192073,0.966220843,0.353989528,1,0.999987147,0.986829257,0.960984138,0.999636604,0.533949615,0.960935315,0.96498534,0.892133076,0.993669737,0.892790784,0.993168538,0.985075932,0.985075932,0.854459228,1.27E-05,0.594662592,0.984024207
0,0,0,0,0,0,0,0,0,0,0,0,0,0,0,0,0,0,0,0,0,0,0,0,0,0,0,0,0,0,0,0,0,0,0,0,0,0,0.527762092,0.850199757,0.725508948,0.468797024,0.582246604,0.254179386,0.20913173,0.481705204,0.778502639,0.647158418,0.627967292,0.786143254,0.445397882,0.461267569,0.276301984,0.774453886,0.493885418,0.523946931,0.463085008,0.595702543,0.445397882,0.909160443,0.785315325,0.657501286,0.631064051,0.208950788,0.261659087,0.465205006,0.530835105,0.161905012,0.108589441,0.23732618,0.752043679,0.181572332,0.785315325,0.474923036,0.760800475,0.580122446,0.304892816,0.747461262,0.27553492,0.676981236,0.435301416
0,0,0,0,0,0,0,0,0,0,0,0,0,0,0,0,0,0,0,0,0,0,0,0,0,0,0,0,0,0,0,0,0,0,0,0,0,0,0,0.999863549,0.997696226,0.316072006,0.66981507,0.052564338,0.871993905,0.658599558,0.859435017,0.999927816,0.772535084,0.999677365,0.327990672,0.888081788,0.456685284,0.977131551,0.87013098,0.783053685,0.71052377,0.576512364,0.838455322,0.999799776,0.999844146,0.943793393,0.180082962,0.50405438,0.885066898,0.702038417,0.730960522,0.17616851,0.147190932,0.297513817,0.98988594,0.79366797,0.999839288,0.591889729,0.819917038,0.701981134,0.556226204,0.554260336,0.757832878,0.516340469,0.743351844
0,0,0,0,0,0,0,0,0,0,0,0,0,0,0,0,0,0,0,0,0,0,0,0,0,0,0,0,0,0,0,0,0,0,0,0,0,0,0,0,0.260588986,0.001574684,0.13920439,0.43677936,0.048986683,0.436869252,0,1.85E-05,0.000143016,0.819534473,0.000134351,0.001706845,0.552097917,0.969749942,0.002547999,0.338179941,0.001706845,0.917268787,0.706203782,0.681460953,0.551072024,0.880472265,0,0.016751415,0.991861007,0.000134351,0.038118496,0.000134351,0.012872369,0.626126782,0.941102714,0.431823016,0.260884203,1.48E-05,0.867934482,0.401635911,0.945570921,0.893040302,0.093438165,0.2753262,0.4323172
0,0,0,0,0,0,0,0,0,0,0,0,0,0,0,0,0,0,0,0,0,0,0,0,0,0,0,0,0,0,0,0,0,0,0,0,0,0,0,0,0,0,0.671506779,0.323772529,0.98863666,0.997698014,0.000924642,1,1,0.966791941,0.496998283,0,0.040440638,0.990975933,0.616470193,0.986073582,0.68572781,0.867504865,0.98863666,0.675316011,0.98863666,0.997697979,0,0,1,0.89371618,0.37953076,0.64473905,0.100978349,0.98041758,0.404380454,0.965290504,0.99826488,0.504645113,0.968247062,0.453044911,0.016546484,0.414650155,0.003590263,0.427870396,0.771431924
0,0,0,0,0,0,0,0,0,0,0,0,0,0,0,0,0,0,0,0,0,0,0,0,0,0,0,0,0,0,0,0,0,0,0,0,0,0,0,0,0,0,0.71424346,0.004700205,0.559422419,0.878133063,0.996267962,0.99999102,0.996764839,0.997004495,0.72009821,0.998310146,0.479179522,0.80272103,0.789220448,0.283445114,0.263981615,0.000165739,0.881714264,0.996267962,0.999943366,0.684995772,0.145991687,0.899703055,0.731078614,0.28424608,0.684995772,2.06E-07,0.198523548,0.560859599,0.986275821,0.294631528,0.989879727,0.280817138,0.907859534,0.054798015,0.054798015,0.51122087,0.996267962,0.633693382,0.706549088
0,0,0,0,0,0,0,0,0,0,0,0,0,0,0,0,0,0,0,0,0,0,0,0,0,0,0,0,0,0,0,0,0,0,0,0,0,0,0,0,0,0,0,0.401472137,0.164175735,0.516334076,0.002178665,0.51501261,0.75214287,0.417409886,0.565967136,0.148301932,0.199348129,0.68203014,0.02342063,0.147500956,0.189757522,0.570954752,0.355220479,0.813201618,0.99985755,0.501654892,0.36769296,0.164918011,0.607691792,0.308000536,0.198268317,0.299155655,0.293026878,0.711357597,0.617018326,0.104534131,0.738125825,0.359463295,0,0.18490582,0.179554559,0.579541331,0.002178665,0.472315212,0.085690935
0,0,0,0,0,0,0,0,0,0,0,0,0,0,0,0,0,0,0,0,0,0,0,0,0,0,0,0,0,0,0,0,0,0,0,0,0,0,0,0,0,0,0,0,0.737819332,0.717692425,0.030133167,0.685066329,0.779306003,0.809544717,0.92843857,0.748301097,0.737819332,0.454011982,0.385837265,0.669513774,0.955063843,0.902992772,0.978866972,0.730222489,0.527413086,0.860273628,0.356471366,0.711090345,0.576510727,0.656439402,0.601818224,0.423723364,0.265370977,0.468298016,0.994363029,0.242815478,0.96651707,0.622571881,0,0.803697882,0.870724055,0.977512422,0.027645011,0.883768734,0.895183669
0,0,0,0,0,0,0,0,0,0,0,0,0,0,0,0,0,0,0,0,0,0,0,0,0,0,0,0,0,0,0,0,0,0,0,0,0,0,0,0,0,0,0,0,0,0.408282942,0.000508104,0.449114419,0.346665564,0.995872479,0.000937317,0.201281749,0.972733322,0.973102971,0.834440294,0.859621349,0.034025666,0.528293215,0.75303033,0.798328288,0.941596572,0.849651078,0,0.238313363,1,0.108942653,0.574604276,0.033941755,0.401676989,0.980461465,0.995783723,0.649760606,0.877971545,0.231898857,0.655645075,0.383187162,0,0.929481655,8.59E-05,0.729746817,0.357924389
0,0,0,0,0,0,0,0,0,0,0,0,0,0,0,0,0,0,0,0,0,0,0,0,0,0,0,0,0,0,0,0,0,0,0,0,0,0,0,0,0,0,0,0,0,0,0,0.303519209,0.234689568,0.785777222,0.191706493,0.014640697,0.322813093,0.681585306,0.710591543,0.000124863,0.483017982,0.772567507,0.987158606,0.564141779,0.789592832,0.738681409,0.148903813,0.336065025,0.987158606,0.180783162,0.183049195,0.451757501,0.023687065,0.969040774,0.438984548,0.900778823,0.711373695,0.516184057,0.987833669,0.267143975,0.375434204,0.807903266,0,0.056940434,0.620643392
0,0,0,0,0,0,0,0,0,0,0,0,0,0,0,0,0,0,0,0,0,0,0,0,0,0,0,0,0,0,0,0,0,0,0,0,0,0,0,0,0,0,0,0,0,0,0,0.995402534,0.995402534,0.99967411,0.688738959,0.604635094,0.977662394,1,0.289053072,0.90275574,0.999991645,0.859775699,1,1,0.906247451,1,8.35E-06,0.995402534,0.779431808,0.434706531,0.9942474,0.737892852,0.73788617,0.981536135,0.99097198,0.197919753,0.991034076,0.533676752,1,0.547047422,0.999508363,0.497365745,0.995402534,0.358997069,0.197812104
0,0,0,0,0,0,0,0,0,0,0,0,0,0,0,0,0,0,0,0,0,0,0,0,0,0,0,0,0,0,0,0,0,0,0,0,0,0,0,0,0,0,0,0,0,0,0,0,0.328921536,0.999352843,0.025627323,0.342406411,0.365372493,0.96861329,0.680276867,0.059729431,0.001367059,0.149793064,0.871481643,0.98656169,0.998909084,0.908164986,0.002017597,0.011984394,0.996821911,0.003959157,0.335479165,0.001367059,0.043064508,0.650282292,0.719539759,0.52988767,0.988015606,0.00074191,0.850206936,0.333268548,0.170013111,0.612882062,0.013674037,0.45936229,0.7010891
0,0,0,0,0,0,0,0,0,0,0,0,0,0,0,0,0,0,0,0,0,0,0,0,0,0,0,0,0,0,0,0,0,0,0,0,0,0,0,0,0,0,0,0,0,0,0,0,0,0.999389454,0.011411597,0.261460544,0.690721763,0.636519407,0.864634034,0.547797083,0.000875103,0.15584568,0.498554486,0.999124897,0.999816347,0.465400634,0.009156801,0.009156801,0.804609455,0.685056976,0.252338578,0.000875103,0.265479908,0.653981759,0.735219758,0.23642373,0.990843199,4.82E-05,0.84415432,0.815535586,0.152695964,0.941004755,0.010476744,0.524797959,0.738428218
0,0,0,0,0,0,0,0,0,0,0,0,0,0,0,0,0,0,0,0,0,0,0,0,0,0,0,0,0,0,0,0,0,0,0,0,0,0,0,0,0,0,0,0,0,0,0,0,0,0,0,0.00269838,0.794308446,0.992919333,0.254231749,0.769755025,0.081197294,0.76191604,0.35185192,0.011696016,0.108125767,0.182286786,0.000479348,0.014749585,1,1.99E-06,0.007410325,1.28E-08,0.07310984,0.387344586,0.963636309,0.788645923,1.99E-06,2.53E-07,0.927072086,0.570360014,0.932641863,0.927046748,0.00116224,0.503736523,0.027877693
0,0,0,0,0,0,0,0,0,0,0,0,0,0,0,0,0,0,0,0,0,0,0,0,0,0,0,0,0,0,0,0,0,0,0,0,0,0,0,0,0,0,0,0,0,0,0,0,0,0,0,1,0.946037943,0.97074752,0.999999445,0.706663052,0.1789528,0.430822223,0.856788293,0.389748869,1,1,0.0537,0.931954881,0.999999961,0.445756842,0.777151416,0.280149907,0.477226217,0.445740522,1,0.783053685,0.284059558,0.365575158,0.693632591,0.905658843,0.905658843,0.271167546,0.706426478,0,0.740638495
0,0,0,0,0,0,0,0,0,0,0,0,0,0,0,0,0,0,0,0,0,0,0,0,0,0,0,0,0,0,0,0,0,0,0,0,0,0,0,0,0,0,0,0,0,0,0,0,0,0,0,0,0.959934178,0.96733245,0.99999991,0.856654074,0,0.008912457,0.996719086,0.93165,0.999535901,0.992222342,6.37E-05,0.00066979,0.999999995,0.937632435,0,0,0.00066979,0.991087543,0,0.743492158,0.937632435,0,0.991087543,0.596694486,0,0,0.551440908,0.998380884,0.999938178
0,0,0,0,0,0,0,0,0,0,0,0,0,0,0,0,0,0,0,0,0,0,0,0,0,0,0,0,0,0,0,0,0,0,0,0,0,0,0,0,0,0,0,0,0,0,0,0,0,0,0,0,0,0.849105755,0.636017905,0.521397494,0.869088079,0.741545724,0.855484522,0.984346594,0.109908326,0.877340307,0.107104357,0.411380695,0.759183824,0.636017905,0.636017905,0.404600124,0.11417417,0.741545724,0.812974103,0.61324935,0.636017905,0.442616384,0.914599742,0.516617957,0.999707353,0.786262633,0.176667303,0.863500105,0.01228213
0,0,0,0,0,0,0,0,0,0,0,0,0,0,0,0,0,0,0,0,0,0,0,0,0,0,0,0,0,0,0,0,0,0,0,0,0,0,0,0,0,0,0,0,0,0,0,0,0,0,0,0,0,0,0.007621609,0.000502741,0.01448881,0.589439553,0.052410643,0.32986111,0.046187127,0.314470993,0.023680284,0.046756523,0.236239508,0.197259148,0.197259148,0.086343549,0.084229198,0.102140999,0.893254264,0.087344893,0.139833873,0.007278723,0.819725599,0.149466631,0.148851196,0.79507221,0.002022173,0.07745944,0.250203838
0,0,0,0,0,0,0,0,0,0,0,0,0,0,0,0,0,0,0,0,0,0,0,0,0,0,0,0,0,0,0,0,0,0,0,0,0,0,0,0,0,0,0,0,0,0,0,0,0,0,0,0,0,0,0,0.127155763,0.624404893,0.318720051,0.996479161,0.972759307,0.996479161,0.996479161,5.60E-07,0.165372826,0.715025331,0.009601132,0.023936396,0.456469207,0.127155763,0.787746365,0.944541274,0.798952189,0.976063604,0.003520839,0.842625764,0.340256897,0.889108548,0.68083894,0.001270118,0.596468492,0.599155491
0,0,0,0,0,0,0,0,0,0,0,0,0,0,0,0,0,0,0,0,0,0,0,0,0,0,0,0,0,0,0,0,0,0,0,0,0,0,0,0,0,0,0,0,0,0,0,0,0,0,0,0,0,0,0,0,0.069236783,0.755732023,0.735768128,0.998632941,0.749195552,0.99929825,0.000228167,0.387958643,0.871481643,0.099663146,0.519557219,0.043064508,0.44168101,0.850206936,0.804638827,0.928423819,0.76790417,0.238977525,0.933157753,0.615680086,0.694414085,0.931606707,0.000303271,0.600590592,0.773467247
0,0,0,0,0,0,0,0,0,0,0,0,0,0,0,0,0,0,0,0,0,0,0,0,0,0,0,0,0,0,0,0,0,0,0,0,0,0,0,0,0,0,0,0,0,0,0,0,0,0,0,0,0,0,0,0,0,0.282607632,0.631465003,0.554617145,0.999973607,0.999896175,0.872643445,0.760824875,0.932754525,0.773144319,0.284618633,0.2198498,0.499449775,0.027499114,0.489836713,0.867378542,0.494913063,0.397266772,0.425196757,0.020476274,1.56E-08,0.071308127,3.55E-05,0.844503075,0.321515615
0,0,0,0,0,0,0,0,0,0,0,0,0,0,0,0,0,0,0,0,0,0,0,0,0,0,0,0,0,0,0,0,0,0,0,0,0,0,0,0,0,0,0,0,0,0,0,0,0,0,0,0,0,0,0,0,0,0,0.282716422,0.162393276,0.308112359,0.56381826,0.240476829,0.854858969,0.822864365,0.885352202,0.809246488,0.473813455,0.024919847,0.792798217,0.957009831,0.223731796,0.442956183,0.519161599,0.632562095,0.551174525,0.541679832,0.722760592,0.067857105,0.467075495,0.600120568
0,0,0,0,0,0,0,0,0,0,0,0,0,0,0,0,0,0,0,0,0,0,0,0,0,0,0,0,0,0,0,0,0,0,0,0,0,0,0,0,0,0,0,0,0,0,0,0,0,0,0,0,0,0,0,0,0,0,0,0.663719436,0.913546119,0.77650753,0.001148206,0.033695195,0.986419884,0.164882115,0.164882115,0.032393101,0.032393101,0.597547539,0.686294072,0.6472742,0.749626982,0.07147719,0.309092631,0.292308981,0.292308981,0.797373717,0.013260024,0.472038044,0.392397734
0,0,0,0,0,0,0,0,0,0,0,0,0,0,0,0,0,0,0,0,0,0,0,0,0,0,0,0,0,0,0,0,0,0,0,0,0,0,0,0,0,0,0,0,0,0,0,0,0,0,0,0,0,0,0,0,0,0,0,0,0.86507104,0.174002151,0,0.180068244,0.984184453,0.404612333,0.280594968,0.698354298,0.017845172,0.998589085,0.258761253,0.644681238,0.480799947,0.52536855,0.467181513,0.001514877,0.00111529,0.177439346,0.293405967,0.356731864,0.426327245
0,0,0,0,0,0,0,0,0,0,0,0,0,0,0,0,0,0,0,0,0,0,0,0,0,0,0,0,0,0,0,0,0,0,0,0,0,0,0,0,0,0,0,0,0,0,0,0,0,0,0,0,0,0,0,0,0,0,0,0,0,0.398275742,0.065254321,0.000183105,0.269543877,0.002070841,0.165816636,0.000181024,0.031015072,0.807011271,0.602956088,0.365639422,0.002070841,0.001208213,0.49556654,0.110542866,0.751946411,0.731567854,6.96E-05,0.523829912,0.268270794
0,0,0,0,0,0,0,0,0,0,0,0,0,0,0,0,0,0,0,0,0,0,0,0,0,0,0,0,0,0,0,0,0,0,0,0,0,0,0,0,0,0,0,0,0,0,0,0,0,0,0,0,0,0,0,0,0,0,0,0,0,0,0.366727626,0.235034211,0.660244694,0.228254671,0.044160752,0.002978419,0.010075945,0.480840205,0.89478356,0.515412518,0.515784353,0.028075374,0.362527271,0.001473508,0.001473508,0.506226893,0.180326524,0.293813402,0.229357444
0,0,0,0,0,0,0,0,0,0,0,0,0,0,0,0,0,0,0,0,0,0,0,0,0,0,0,0,0,0,0,0,0,0,0,0,0,0,0,0,0,0,0,0,0,0,0,0,0,0,0,0,0,0,0,0,0,0,0,0,0,0,0,0.782954316,1,0.38353594,0.78680351,0,0.135081532,0.902495004,1,0.339728554,0.717948718,1.16E-05,0.439548341,0.000272612,0.548535298,0.180458553,0.999997542,1,1
0,0,0,0,0,0,0,0,0,0,0,0,0,0,0,0,0,0,0,0,0,0,0,0,0,0,0,0,0,0,0,0,0,0,0,0,0,0,0,0,0,0,0,0,0,0,0,0,0,0,0,0,0,0,0,0,0,0,0,0,0,0,0,0,0.917216988,0.638747134,0.638747134,1.83E-05,0.034406139,0.794480778,0.700900516,0.404189198,0.978756234,0.001687219,0.978769214,0.352581006,0.528875779,0.146858035,0.007709734,0.857981958,0.825201465
0,0,0,0,0,0,0,0,0,0,0,0,0,0,0,0,0,0,0,0,0,0,0,0,0,0,0,0,0,0,0,0,0,0,0,0,0,0,0,0,0,0,0,0,0,0,0,0,0,0,0,0,0,0,0,0,0,0,0,0,0,0,0,0,0,0.004954002,0.004954002,0.031015072,0.022218209,0.807011271,0.734469522,0.627850237,0.004954002,0.004954002,0.473495859,0.457305102,0.988673298,0.895615895,0.000499176,0.642989607,0.288544265
0,0,0,0,0,0,0,0,0,0,0,0,0,0,0,0,0,0,0,0,0,0,0,0,0,0,0,0,0,0,0,0,0,0,0,0,0,0,0,0,0,0,0,0,0,0,0,0,0,0,0,0,0,0,0,0,0,0,0,0,0,0,0,0,0,0,0.052069179,0.48221056,0.215049707,0.597721003,0.959753543,0.315769164,0.88674314,0.425470684,0.76234517,0.007585113,0.007585113,0.47171734,0.000909923,0.528380507,0.170049491
0,0,0,0,0,0,0,0,0,0,0,0,0,0,0,0,0,0,0,0,0,0,0,0,0,0,0,0,0,0,0,0,0,0,0,0,0,0,0,0,0,0,0,0,0,0,0,0,0,0,0,0,0,0,0,0,0,0,0,0,0,0,0,0,0,0,0,0.468180619,0.049257806,0.897113305,0.81269192,0.306083455,0.982185632,0.665854211,0.982168328,0.391142887,0.622194837,0.361752839,2.24E-05,0.359501211,0.255239066
0,0,0,0,0,0,0,0,0,0,0,0,0,0,0,0,0,0,0,0,0,0,0,0,0,0,0,0,0,0,0,0,0,0,0,0,0,0,0,0,0,0,0,0,0,0,0,0,0,0,0,0,0,0,0,0,0,0,0,0,0,0,0,0,0,0,0,0,0.294055135,0.703422151,0.807076818,0.56279769,0.561542058,1,0.820290827,0.114289615,0.114289615,0.422418361,0.327914435,0.775119088,0.183351053
0,0,0,0,0,0,0,0,0,0,0,0,0,0,0,0,0,0,0,0,0,0,0,0,0,0,0,0,0,0,0,0,0,0,0,0,0,0,0,0,0,0,0,0,0,0,0,0,0,0,0,0,0,0,0,0,0,0,0,0,0,0,0,0,0,0,0,0,0,0.90784238,0.860763968,0.448659344,0.875232009,0.762667303,0.959535044,0.694351629,0.694351629,0.922383065,0.27553492,0.795639707,0.610262041
0,0,0,0,0,0,0,0,0,0,0,0,0,0,0,0,0,0,0,0,0,0,0,0,0,0,0,0,0,0,0,0,0,0,0,0,0,0,0,0,0,0,0,0,0,0,0,0,0,0,0,0,0,0,0,0,0,0,0,0,0,0,0,0,0,0,0,0,0,0,0.752969556,0.007621609,0.721314377,0.433872782,0.954436184,0.030361636,0.030361636,0.741339307,0.023680284,0.346953006,4.15E-05
0,0,0,0,0,0,0,0,0,0,0,0,0,0,0,0,0,0,0,0,0,0,0,0,0,0,0,0,0,0,0,0,0,0,0,0,0,0,0,0,0,0,0,0,0,0,0,0,0,0,0,0,0,0,0,0,0,0,0,0,0,0,0,0,0,0,0,0,0,0,0,0.051721557,0.083727812,0.053709634,0.654824207,0.381150736,0.608903939,0.314572833,5.99E-11,0.154676586,0.223946513
0,0,0,0,0,0,0,0,0,0,0,0,0,0,0,0,0,0,0,0,0,0,0,0,0,0,0,0,0,0,0,0,0,0,0,0,0,0,0,0,0,0,0,0,0,0,0,0,0,0,0,0,0,0,0,0,0,0,0,0,0,0,0,0,0,0,0,0,0,0,0,0,0.409340888,0.249791835,0.537945462,0.013945431,0.046854052,0.517452854,0.003004913,0.891313141,0.039039975
0,0,0,0,0,0,0,0,0,0,0,0,0,0,0,0,0,0,0,0,0,0,0,0,0,0,0,0,0,0,0,0,0,0,0,0,0,0,0,0,0,0,0,0,0,0,0,0,0,0,0,0,0,0,0,0,0,0,0,0,0,0,0,0,0,0,0,0,0,0,0,0,0,0.177416317,0.266807861,0.369991209,0.725711132,0.93422074,0.001136232,0.329153395,0.001877135
0,0,0,0,0,0,0,0,0,0,0,0,0,0,0,0,0,0,0,0,0,0,0,0,0,0,0,0,0,0,0,0,0,0,0,0,0,0,0,0,0,0,0,0,0,0,0,0,0,0,0,0,0,0,0,0,0,0,0,0,0,0,0,0,0,0,0,0,0,0,0,0,0,0,0.871873035,0.991689151,0.991689151,0.896754743,7.64E-05,0.470076584,0.746428837
0,0,0,0,0,0,0,0,0,0,0,0,0,0,0,0,0,0,0,0,0,0,0,0,0,0,0,0,0,0,0,0,0,0,0,0,0,0,0,0,0,0,0,0,0,0,0,0,0,0,0,0,0,0,0,0,0,0,0,0,0,0,0,0,0,0,0,0,0,0,0,0,0,0,0,0.191706493,0,0.829424911,0.016582475,0.142581929,0.029369616
0,0,0,0,0,0,0,0,0,0,0,0,0,0,0,0,0,0,0,0,0,0,0,0,0,0,0,0,0,0,0,0,0,0,0,0,0,0,0,0,0,0,0,0,0,0,0,0,0,0,0,0,0,0,0,0,0,0,0,0,0,0,0,0,0,0,0,0,0,0,0,0,0,0,0,0,0,0.627560697,4.81E-05,0.577125788,0.232236737
0,0,0,0,0,0,0,0,0,0,0,0,0,0,0,0,0,0,0,0,0,0,0,0,0,0,0,0,0,0,0,0,0,0,0,0,0,0,0,0,0,0,0,0,0,0,0,0,0,0,0,0,0,0,0,0,0,0,0,0,0,0,0,0,0,0,0,0,0,0,0,0,0,0,0,0,0,0,1.18E-07,0.556681692,0.029767158
0,0,0,0,0,0,0,0,0,0,0,0,0,0,0,0,0,0,0,0,0,0,0,0,0,0,0,0,0,0,0,0,0,0,0,0,0,0,0,0,0,0,0,0,0,0,0,0,0,0,0,0,0,0,0,0,0,0,0,0,0,0,0,0,0,0,0,0,0,0,0,0,0,0,0,0,0,0,0.06522469,0.274954359,0.082443283
0,0,0,0,0,0,0,0,0,0,0,0,0,0,0,0,0,0,0,0,0,0,0,0,0,0,0,0,0,0,0,0,0,0,0,0,0,0,0,0,0,0,0,0,0,0,0,0,0,0,0,0,0,0,0,0,0,0,0,0,0,0,0,0,0,0,0,0,0,0,0,0,0,0,0,0,0,0,0,0.86991991,0.999592515
0,0,0,0,0,0,0,0,0,0,0,0,0,0,0,0,0,0,0,0,0,0,0,0,0,0,0,0,0,0,0,0,0,0,0,0,0,0,0,0,0,0,0,0,0,0,0,0,0,0,0,0,0,0,0,0,0,0,0,0,0,0,0,0,0,0,0,0,0,0,0,0,0,0,0,0,0,0,0,0,0.202292354
0,0,0,0,0,0,0,0,0,0,0,0,0,0,0,0,0,0,0,0,0,0,0,0,0,0,0,0,0,0,0,0,0,0,0,0,0,0,0,0,0,0,0,0,0,0,0,0,0,0,0,0,0,0,0,0,0,0,0,0,0,0,0,0,0,0,0,0,0,0,0,0,0,0,0,0,0,0,0,0,0
